{
  "itemid": "minecraft:wooden_pickaxe",
  "displayname": "§5Anti-Sentient Pickaxe",
  "nbttag": "{Unbreakable:1b,HideFlags:254,display:{Lore:[0:\"§7Allows you to break living metal ore\",1:\"§7and §bYoungite§7.\",2:\"\",3:\"§7§8This pickaxe is not a particular fan\",4:\"§8of sentient pickaxes.\",5:\"\",6:\"§7§8This item can be reforged!\",7:\"§5§lEPIC SWORD\"],Name:\"§5Anti-Sentient Pickaxe\"},ExtraAttributes:{id:\"ANTI_SENTIENT_PICKAXE\"}}",
  "damage": 0,
  "lore": [
    "§7Allows you to break living metal ore",
    "§7and §bYoungite§7.",
    "",
    "§7§8This pickaxe is not a particular fan",
    "§8of sentient pickaxes.",
    "",
    "§7§8This item can be reforged!",
    "§5§lEPIC SWORD"
  ],
  "internalname": "ANTI_SENTIENT_PICKAXE",
  "clickcommand": "",
  "modver": "",
  "crafttext": "",
  "infoType": ""
}