{
  "itemid": "minecraft:wooden_shovel",
  "displayname": "§5Aspect of the Leech",
  "nbttag": "{ench:[],Unbreakable:1b,HideFlags:254,display:{Lore:[0:\"§6Ability: Weird Transmission  §e§lRIGHT CLICK\",1:\"§7Teleport §a5 blocks§7 ahead of you.\",2:\"§8Mana Cost: §350\",3:\"\",4:\"§5§lEPIC WAND\"],Name:\"§5Aspect of the Leech\"},ExtraAttributes:{id:\"ASPECT_OF_THE_LEECH_3\"}}",
  "damage": 0,
  "lore": [
    "§6Ability: Weird Transmission  §e§lRIGHT CLICK",
    "§7Teleport §a5 blocks§7 ahead of you.",
    "§8Mana Cost: §350",
    "",
    "§5§lEPIC WAND"
  ],
  "recipe": {
    "A1": "",
    "A2": "",
    "A3": "",
    "B1": "SUPER_LEECH_MODIFIER:1",
    "B2": "ASPECT_OF_THE_LEECH_2:1",
    "B3": "SUPER_LEECH_MODIFIER:1",
    "C1": "",
    "C2": "",
    "C3": ""
  },
  "internalname": "ASPECT_OF_THE_LEECH_3",
  "clickcommand": "viewrecipe",
  "modver": "",
  "crafttext": "",
  "infoType": ""
}