{
  "itemid": "minecraft:prismarine_shard",
  "displayname": "§fAttribute Shard",
  "nbttag": "{HideFlags:254,display:{Lore:[0:\"§bMidas Touch VII\",1:\"§7Gain §6+7 coins §7per kill.\",2:\"\",3:\"§7Combine with items in the §bAttribute\",4:\"§bFusion §7menu to apply attributes.\",5:\"\",6:\"§f§lCOMMON\"],Name:\"§fAttribute Shard\"},ExtraAttributes:{attributes:{midas_touch:7},id:\"ATTRIBUTE_SHARD_MIDAS_TOUCH;7\"}}",
  "damage": 0,
  "lore": [
    "§bMidas Touch VII",
    "§7Gain §6+7 coins §7per kill.",
    "",
    "§7Combine with items in the §bAttribute",
    "§bFusion §7menu to apply attributes.",
    "",
    "§f§lCOMMON"
  ],
  "internalname": "ATTRIBUTE_SHARD_MIDAS_TOUCH;7",
  "crafttext": "",
  "clickcommand": "",
  "modver": "2.5.0",
  "infoType": ""
}