{
  "itemid": "minecraft:prismarine_shard",
  "displayname": "§fAttribute Shard",
  "nbttag": "{HideFlags:254,display:{Lore:[0:\"§bArachno I\",1:\"§7Grants §c+3% §c❁ Damage §7against\",2:\"§7§aspiders§7.\",3:\"\",4:\"§7Combine with items in the §bAttribute\",5:\"§bFusion §7menu to apply attributes.\",6:\"\",7:\"§f§lCOMMON\"],Name:\"§fAttribute Shard\"},ExtraAttributes:{attributes:{arachno:1},id:\"ATTRIBUTE_SHARD_ARACHNO;1\"}}",
  "damage": 0,
  "lore": [
    "§bArachno I",
    "§7Grants §c+3% §c❁ Damage §7against",
    "§7§aspiders§7.",
    "",
    "§7Combine with items in the §bAttribute",
    "§bFusion §7menu to apply attributes.",
    "",
    "§f§lCOMMON"
  ],
  "internalname": "ATTRIBUTE_SHARD_ARACHNO;1",
  "crafttext": "",
  "clickcommand": "",
  "modver": "2.5.0",
  "infoType": ""
}