{
  "itemid": "minecraft:prismarine_shard",
  "displayname": "§fAttribute Shard",
  "nbttag": "{HideFlags:254,display:{Lore:[0:\"§bIgnition V\",1:\"§7Increases the duration of fire\",2:\"§7damage that you inflict on enemies by\",3:\"§7§a150%§7.\",4:\"\",5:\"§7Combine with items in the §bAttribute\",6:\"§bFusion §7menu to apply attributes.\",7:\"\",8:\"§f§lCOMMON\"],Name:\"§fAttribute Shard\"},ExtraAttributes:{attributes:{ignition:5},id:\"ATTRIBUTE_SHARD_IGNITION;5\"}}",
  "damage": 0,
  "lore": [
    "§bIgnition V",
    "§7Increases the duration of fire",
    "§7damage that you inflict on enemies by",
    "§7§a150%§7.",
    "",
    "§7Combine with items in the §bAttribute",
    "§bFusion §7menu to apply attributes.",
    "",
    "§f§lCOMMON"
  ],
  "internalname": "ATTRIBUTE_SHARD_IGNITION;5",
  "crafttext": "",
  "clickcommand": "",
  "modver": "2.5.0",
  "infoType": ""
}