{
  "itemid": "minecraft:prismarine_shard",
  "displayname": "§fAttribute Shard",
  "nbttag": "{HideFlags:254,display:{Lore:[0:\"§bLife Recovery VI\",1:\"§7Heals for §a3% §7of your max health\",2:\"§7each time you kill a mob.\",3:\"\",4:\"§7Combine with items in the §bAttribute\",5:\"§bFusion §7menu to apply attributes.\",6:\"\",7:\"§f§lCOMMON\"],Name:\"§fAttribute Shard\"},ExtraAttributes:{attributes:{life_recovery:6},id:\"ATTRIBUTE_SHARD_LIFE_RECOVERY;6\"}}",
  "damage": 0,
  "lore": [
    "§bLife Recovery VI",
    "§7Heals for §a3% §7of your max health",
    "§7each time you kill a mob.",
    "",
    "§7Combine with items in the §bAttribute",
    "§bFusion §7menu to apply attributes.",
    "",
    "§f§lCOMMON"
  ],
  "internalname": "ATTRIBUTE_SHARD_LIFE_RECOVERY;6",
  "crafttext": "",
  "clickcommand": "",
  "modver": "2.5.0",
  "infoType": ""
}