{
  "itemid": "minecraft:prismarine_shard",
  "displayname": "§fAttribute Shard",
  "nbttag": "{HideFlags:254,display:{Lore:[0:\"§bBreeze VIII\",1:\"§7When you haven\u0027t been damaged in\",2:\"§7the last §a5s §7or more, your mana\",3:\"§7costs are decreased by §a8%§7.\",4:\"\",5:\"§7Combine with items in the §bAttribute\",6:\"§bFusion §7menu to apply attributes.\",7:\"\",8:\"§f§lCOMMON\"],Name:\"§fAttribute Shard\"},ExtraAttributes:{attributes:{breeze:8},id:\"ATTRIBUTE_SHARD_BREEZE;8\"}}",
  "damage": 0,
  "lore": [
    "§bBreeze VIII",
    "§7When you haven\u0027t been damaged in",
    "§7the last §a5s §7or more, your mana",
    "§7costs are decreased by §a8%§7.",
    "",
    "§7Combine with items in the §bAttribute",
    "§bFusion §7menu to apply attributes.",
    "",
    "§f§lCOMMON"
  ],
  "internalname": "ATTRIBUTE_SHARD_BREEZE;8",
  "crafttext": "",
  "clickcommand": "",
  "modver": "2.5.0",
  "infoType": ""
}