{
  "itemid": "minecraft:prismarine_shard",
  "displayname": "§fAttribute Shard",
  "nbttag": "{HideFlags:254,display:{Lore:[0:\"§bLife Regeneration VI\",1:\"§7Grants §c+7.5❣ Health Regen§7.\",2:\"\",3:\"§7Combine with items in the §bAttribute\",4:\"§bFusion §7menu to apply attributes.\",5:\"\",6:\"§f§lCOMMON\"],Name:\"§fAttribute Shard\"},ExtraAttributes:{attributes:{life_regeneration:6},id:\"ATTRIBUTE_SHARD_LIFE_REGENERATION;6\"}}",
  "damage": 0,
  "lore": [
    "§bLife Regeneration VI",
    "§7Grants §c+7.5❣ Health Regen§7.",
    "",
    "§7Combine with items in the §bAttribute",
    "§bFusion §7menu to apply attributes.",
    "",
    "§f§lCOMMON"
  ],
  "internalname": "ATTRIBUTE_SHARD_LIFE_REGENERATION;6",
  "crafttext": "",
  "clickcommand": "",
  "modver": "2.5.0",
  "infoType": ""
}