{
  "itemid": "minecraft:prismarine_shard",
  "displayname": "§fAttribute Shard",
  "nbttag": "{HideFlags:254,display:{Lore:[0:\"§bDouble Hook II\",1:\"§7Grants §9+1⚓ Double Hook Chance§7.\",2:\"\",3:\"§7Combine with items in the §bAttribute\",4:\"§bFusion §7menu to apply attributes.\",5:\"\",6:\"§f§lCOMMON\"],Name:\"§fAttribute Shard\"},ExtraAttributes:{attributes:{double_hook:2},id:\"ATTRIBUTE_SHARD_DOUBLE_HOOK;2\"}}",
  "damage": 0,
  "lore": [
    "§bDouble Hook II",
    "§7Grants §9+1⚓ Double Hook Chance§7.",
    "",
    "§7Combine with items in the §bAttribute",
    "§bFusion §7menu to apply attributes.",
    "",
    "§f§lCOMMON"
  ],
  "internalname": "ATTRIBUTE_SHARD_DOUBLE_HOOK;2",
  "crafttext": "",
  "clickcommand": "",
  "modver": "2.5.0",
  "infoType": ""
}