{
  "itemid": "minecraft:prismarine_shard",
  "displayname": "§fAttribute Shard",
  "nbttag": "{HideFlags:254,display:{Lore:[0:\"§bFortitude V\",1:\"§7Grants §c+2.5❤ Health §7and §a+2.5❈\",2:\"§aDefense§7.\",3:\"\",4:\"§7Combine with items in the §bAttribute\",5:\"§bFusion §7menu to apply attributes.\",6:\"\",7:\"§f§lCOMMON\"],Name:\"§fAttribute Shard\"},ExtraAttributes:{attributes:{fortitude:5},id:\"ATTRIBUTE_SHARD_FORTITUDE;5\"}}",
  "damage": 0,
  "lore": [
    "§bFortitude V",
    "§7Grants §c+2.5❤ Health §7and §a+2.5❈",
    "§aDefense§7.",
    "",
    "§7Combine with items in the §bAttribute",
    "§bFusion §7menu to apply attributes.",
    "",
    "§f§lCOMMON"
  ],
  "internalname": "ATTRIBUTE_SHARD_FORTITUDE;5",
  "crafttext": "",
  "clickcommand": "",
  "modver": "2.5.0",
  "infoType": ""
}