{
  "itemid": "minecraft:prismarine_shard",
  "displayname": "§fAttribute Shard",
  "nbttag": "{HideFlags:254,display:{Lore:[0:\"§bFishing Experience I\",1:\"§7Grants §3+0.5☯ Fishing Wisdom§7.\",2:\"\",3:\"§7Combine with items in the §bAttribute\",4:\"§bFusion §7menu to apply attributes.\",5:\"\",6:\"§f§lCOMMON\"],Name:\"§fAttribute Shard\"},ExtraAttributes:{attributes:{fishing_experience:1},id:\"ATTRIBUTE_SHARD_FISHING_EXPERIENCE;1\"}}",
  "damage": 0,
  "lore": [
    "§bFishing Experience I",
    "§7Grants §3+0.5☯ Fishing Wisdom§7.",
    "",
    "§7Combine with items in the §bAttribute",
    "§bFusion §7menu to apply attributes.",
    "",
    "§f§lCOMMON"
  ],
  "internalname": "ATTRIBUTE_SHARD_FISHING_EXPERIENCE;1",
  "crafttext": "",
  "clickcommand": "",
  "modver": "2.5.0",
  "infoType": ""
}