{
  "itemid": "minecraft:prismarine_shard",
  "displayname": "§fAttribute Shard",
  "nbttag": "{HideFlags:254,display:{Lore:[0:\"§bFisherman II\",1:\"§7Has a §a10% §7chance not to consume\",2:\"§7any bait.\",3:\"\",4:\"§7Combine with items in the §bAttribute\",5:\"§bFusion §7menu to apply attributes.\",6:\"\",7:\"§f§lCOMMON\"],Name:\"§fAttribute Shard\"},ExtraAttributes:{attributes:{fisherman:2},id:\"ATTRIBUTE_SHARD_FISHERMAN;2\"}}",
  "damage": 0,
  "lore": [
    "§bFisherman II",
    "§7Has a §a10% §7chance not to consume",
    "§7any bait.",
    "",
    "§7Combine with items in the §bAttribute",
    "§bFusion §7menu to apply attributes.",
    "",
    "§f§lCOMMON"
  ],
  "internalname": "ATTRIBUTE_SHARD_FISHERMAN;2",
  "crafttext": "",
  "clickcommand": "",
  "modver": "2.5.0",
  "infoType": ""
}