{
  "itemid": "minecraft:prismarine_shard",
  "displayname": "§fAttribute Shard",
  "nbttag": "{HideFlags:254,display:{Lore:[0:\"§bDouble Hook VI\",1:\"§7Grants §9+3⚓ Double Hook Chance§7.\",2:\"\",3:\"§7Combine with items in the §bAttribute\",4:\"§bFusion §7menu to apply attributes.\",5:\"\",6:\"§f§lCOMMON\"],Name:\"§fAttribute Shard\"},ExtraAttributes:{attributes:{double_hook:6},id:\"ATTRIBUTE_SHARD_DOUBLE_HOOK;6\"}}",
  "damage": 0,
  "lore": [
    "§bDouble Hook VI",
    "§7Grants §9+3⚓ Double Hook Chance§7.",
    "",
    "§7Combine with items in the §bAttribute",
    "§bFusion §7menu to apply attributes.",
    "",
    "§f§lCOMMON"
  ],
  "internalname": "ATTRIBUTE_SHARD_DOUBLE_HOOK;6",
  "crafttext": "",
  "clickcommand": "",
  "modver": "2.5.0",
  "infoType": ""
}