{
  "itemid": "minecraft:prismarine_shard",
  "displayname": "§fAttribute Shard",
  "nbttag": "{HideFlags:254,display:{Lore:[0:\"§bFortitude I\",1:\"§7Grants §c+0.5❤ Health §7and §a+2❈ Defense§7.\",2:\"\",3:\"§7Combine with items in the §bAttribute\",4:\"§bFusion §7menu to apply attributes.\",5:\"\",6:\"§f§lCOMMON\"],Name:\"§fAttribute Shard\"},ExtraAttributes:{attributes:{fortitude:1},id:\"ATTRIBUTE_SHARD_FORTITUDE;1\"}}",
  "damage": 0,
  "lore": [
    "§bFortitude I",
    "§7Grants §c+0.5❤ Health §7and §a+2❈ Defense§7.",
    "",
    "§7Combine with items in the §bAttribute",
    "§bFusion §7menu to apply attributes.",
    "",
    "§f§lCOMMON"
  ],
  "internalname": "ATTRIBUTE_SHARD_FORTITUDE;1",
  "crafttext": "",
  "clickcommand": "",
  "modver": "2.5.0",
  "infoType": ""
}