{
  "itemid": "minecraft:prismarine_shard",
  "displayname": "§fAttribute Shard",
  "nbttag": "{HideFlags:254,display:{Lore:[0:\"§bBlazing Resistance IV\",1:\"§7Grants §a+6❈ Defense §7against mobs in\",2:\"§7§aCrimson Isle§7.\",3:\"\",4:\"§7Combine with items in the §bAttribute\",5:\"§bFusion §7menu to apply attributes.\",6:\"\",7:\"§f§lCOMMON\"],Name:\"§fAttribute Shard\"},ExtraAttributes:{attributes:{blazing_resistance:4},id:\"ATTRIBUTE_SHARD_BLAZING_RESISTANCE;4\"}}",
  "damage": 0,
  "lore": [
    "§bBlazing Resistance IV",
    "§7Grants §a+6❈ Defense §7against mobs in",
    "§7§aCrimson Isle§7.",
    "",
    "§7Combine with items in the §bAttribute",
    "§bFusion §7menu to apply attributes.",
    "",
    "§f§lCOMMON"
  ],
  "internalname": "ATTRIBUTE_SHARD_BLAZING_RESISTANCE;4",
  "crafttext": "",
  "clickcommand": "",
  "modver": "2.5.0",
  "infoType": ""
}