{
  "itemid": "minecraft:prismarine_shard",
  "displayname": "§fAttribute Shard",
  "nbttag": "{HideFlags:254,display:{Lore:[0:\"§bFisherman III\",1:\"§7Has a §a15% §7chance not to consume\",2:\"§7any bait.\",3:\"\",4:\"§7Combine with items in the §bAttribute\",5:\"§bFusion §7menu to apply attributes.\",6:\"\",7:\"§f§lCOMMON\"],Name:\"§fAttribute Shard\"},ExtraAttributes:{attributes:{fisherman:3},id:\"ATTRIBUTE_SHARD_FISHERMAN;3\"}}",
  "damage": 0,
  "lore": [
    "§bFisherman III",
    "§7Has a §a15% §7chance not to consume",
    "§7any bait.",
    "",
    "§7Combine with items in the §bAttribute",
    "§bFusion §7menu to apply attributes.",
    "",
    "§f§lCOMMON"
  ],
  "internalname": "ATTRIBUTE_SHARD_FISHERMAN;3",
  "crafttext": "",
  "clickcommand": "",
  "modver": "2.5.0",
  "infoType": ""
}