{
  "itemid": "minecraft:prismarine_shard",
  "displayname": "§fAttribute Shard",
  "nbttag": "{HideFlags:254,display:{Lore:[0:\"§bUndead Resistance VI\",1:\"§7Grants §a+9❈ Defense §7against the\",2:\"§7§aundead§7.\",3:\"\",4:\"§7Combine with items in the §bAttribute\",5:\"§bFusion §7menu to apply attributes.\",6:\"\",7:\"§f§lCOMMON\"],Name:\"§fAttribute Shard\"},ExtraAttributes:{attributes:{undead_resistance:6},id:\"ATTRIBUTE_SHARD_UNDEAD_RESISTANCE;6\"}}",
  "damage": 0,
  "lore": [
    "§bUndead Resistance VI",
    "§7Grants §a+9❈ Defense §7against the",
    "§7§aundead§7.",
    "",
    "§7Combine with items in the §bAttribute",
    "§bFusion §7menu to apply attributes.",
    "",
    "§f§lCOMMON"
  ],
  "internalname": "ATTRIBUTE_SHARD_UNDEAD_RESISTANCE;6",
  "crafttext": "",
  "clickcommand": "",
  "modver": "2.5.0",
  "infoType": ""
}