{
  "itemid": "minecraft:prismarine_shard",
  "displayname": "§fAttribute Shard",
  "nbttag": "{HideFlags:254,display:{Lore:[0:\"§bArachno Resistance I\",1:\"§7Grants §a+1.5❈ Defense §7against §aspiders§7.\",2:\"\",3:\"§7Combine with items in the §bAttribute\",4:\"§bFusion §7menu to apply attributes.\",5:\"\",6:\"§f§lCOMMON\"],Name:\"§fAttribute Shard\"},ExtraAttributes:{attributes:{arachno_resistance:1},id:\"ATTRIBUTE_SHARD_ARACHNO_RESISTANCE;1\"}}",
  "damage": 0,
  "lore": [
    "§bArachno Resistance I",
    "§7Grants §a+1.5❈ Defense §7against §aspiders§7.",
    "",
    "§7Combine with items in the §bAttribute",
    "§bFusion §7menu to apply attributes.",
    "",
    "§f§lCOMMON"
  ],
  "internalname": "ATTRIBUTE_SHARD_ARACHNO_RESISTANCE;1",
  "crafttext": "",
  "clickcommand": "",
  "modver": "2.5.0",
  "infoType": ""
}