{
  "itemid": "minecraft:prismarine_shard",
  "displayname": "§fAttribute Shard",
  "nbttag": "{HideFlags:254,display:{Lore:[0:\"§bAttack Speed VII\",1:\"§7Grants §e+7⚔ Bonus Attack Speed§7.\",2:\"\",3:\"§7Combine with items in the §bAttribute\",4:\"§bFusion §7menu to apply attributes.\",5:\"\",6:\"§f§lCOMMON\"],Name:\"§fAttribute Shard\"},ExtraAttributes:{attributes:{attack_speed:7},id:\"ATTRIBUTE_SHARD_ATTACK_SPEED;7\"}}",
  "damage": 0,
  "lore": [
    "§bAttack Speed VII",
    "§7Grants §e+7⚔ Bonus Attack Speed§7.",
    "",
    "§7Combine with items in the §bAttribute",
    "§bFusion §7menu to apply attributes.",
    "",
    "§f§lCOMMON"
  ],
  "internalname": "ATTRIBUTE_SHARD_ATTACK_SPEED;7",
  "crafttext": "",
  "clickcommand": "",
  "modver": "2.5.0",
  "infoType": ""
}