{
  "itemid": "minecraft:prismarine_shard",
  "displayname": "§fAttribute Shard",
  "nbttag": "{HideFlags:254,display:{Lore:[0:\"§bFortitude IV\",1:\"§7Grants §c+2❤ Health §7and §a+2❈ Defense§7.\",2:\"\",3:\"§7Combine with items in the §bAttribute\",4:\"§bFusion §7menu to apply attributes.\",5:\"\",6:\"§f§lCOMMON\"],Name:\"§fAttribute Shard\"},ExtraAttributes:{attributes:{fortitude:4},id:\"ATTRIBUTE_SHARD_FORTITUDE;4\"}}",
  "damage": 0,
  "lore": [
    "§bFortitude IV",
    "§7Grants §c+2❤ Health §7and §a+2❈ Defense§7.",
    "",
    "§7Combine with items in the §bAttribute",
    "§bFusion §7menu to apply attributes.",
    "",
    "§f§lCOMMON"
  ],
  "internalname": "ATTRIBUTE_SHARD_FORTITUDE;4",
  "crafttext": "",
  "clickcommand": "",
  "modver": "2.5.0",
  "infoType": ""
}