{
  "itemid": "minecraft:prismarine_shard",
  "displayname": "§fAttribute Shard",
  "nbttag": "{HideFlags:254,display:{Lore:[0:\"§bArachno Resistance V\",1:\"§7Grants §a+7.5❈ Defense §7against\",2:\"§7§aspiders§7.\",3:\"\",4:\"§7Combine with items in the §bAttribute\",5:\"§bFusion §7menu to apply attributes.\",6:\"\",7:\"§f§lCOMMON\"],Name:\"§fAttribute Shard\"},ExtraAttributes:{attributes:{arachno_resistance:5},id:\"ATTRIBUTE_SHARD_ARACHNO_RESISTANCE;5\"}}",
  "damage": 0,
  "lore": [
    "§bArachno Resistance V",
    "§7Grants §a+7.5❈ Defense §7against",
    "§7§aspiders§7.",
    "",
    "§7Combine with items in the §bAttribute",
    "§bFusion §7menu to apply attributes.",
    "",
    "§f§lCOMMON"
  ],
  "internalname": "ATTRIBUTE_SHARD_ARACHNO_RESISTANCE;5",
  "crafttext": "",
  "clickcommand": "",
  "modver": "2.5.0",
  "infoType": ""
}