{
  "itemid": "minecraft:prismarine_shard",
  "displayname": "§fAttribute Shard",
  "nbttag": "{HideFlags:254,display:{Lore:[0:\"§bMana Steal V\",1:\"§7Regain §b1% of your max mana every\",2:\"§btime you hit a mob.\",3:\"\",4:\"§7Combine with items in the §bAttribute\",5:\"§bFusion §7menu to apply attributes.\",6:\"\",7:\"§f§lCOMMON\"],Name:\"§fAttribute Shard\"},ExtraAttributes:{attributes:{mana_steal:5},id:\"ATTRIBUTE_SHARD_MANA_STEAL;5\"}}",
  "damage": 0,
  "lore": [
    "§bMana Steal V",
    "§7Regain §b1% of your max mana every",
    "§btime you hit a mob.",
    "",
    "§7Combine with items in the §bAttribute",
    "§bFusion §7menu to apply attributes.",
    "",
    "§f§lCOMMON"
  ],
  "internalname": "ATTRIBUTE_SHARD_MANA_STEAL;5",
  "crafttext": "",
  "clickcommand": "",
  "modver": "2.5.0",
  "infoType": ""
}