{
  "itemid": "minecraft:prismarine_shard",
  "displayname": "§fAttribute Shard",
  "nbttag": "{HideFlags:254,display:{Lore:[0:\"§bEnder Resistance II\",1:\"§7Grants §a+3❈ Defense §7against mobs in\",2:\"§7§aThe End§7.\",3:\"\",4:\"§7Combine with items in the §bAttribute\",5:\"§bFusion §7menu to apply attributes.\",6:\"\",7:\"§f§lCOMMON\"],Name:\"§fAttribute Shard\"},ExtraAttributes:{attributes:{ender_resistance:2},id:\"ATTRIBUTE_SHARD_ENDER_RESISTANCE;2\"}}",
  "damage": 0,
  "lore": [
    "§bEnder Resistance II",
    "§7Grants §a+3❈ Defense §7against mobs in",
    "§7§aThe End§7.",
    "",
    "§7Combine with items in the §bAttribute",
    "§bFusion §7menu to apply attributes.",
    "",
    "§f§lCOMMON"
  ],
  "internalname": "ATTRIBUTE_SHARD_ENDER_RESISTANCE;2",
  "crafttext": "",
  "clickcommand": "",
  "modver": "2.5.0",
  "infoType": ""
}