{
  "itemid": "minecraft:prismarine_shard",
  "displayname": "§fAttribute Shard",
  "nbttag": "{HideFlags:254,display:{Lore:[0:\"§bLife Regeneration VII\",1:\"§7Grants §c+8.75❣ Health Regen§7.\",2:\"\",3:\"§7Combine with items in the §bAttribute\",4:\"§bFusion §7menu to apply attributes.\",5:\"\",6:\"§f§lCOMMON\"],Name:\"§fAttribute Shard\"},ExtraAttributes:{attributes:{life_regeneration:7},id:\"ATTRIBUTE_SHARD_LIFE_REGENERATION;7\"}}",
  "damage": 0,
  "lore": [
    "§bLife Regeneration VII",
    "§7Grants §c+8.75❣ Health Regen§7.",
    "",
    "§7Combine with items in the §bAttribute",
    "§bFusion §7menu to apply attributes.",
    "",
    "§f§lCOMMON"
  ],
  "internalname": "ATTRIBUTE_SHARD_LIFE_REGENERATION;7",
  "crafttext": "",
  "clickcommand": "",
  "modver": "2.5.0",
  "infoType": ""
}