{
  "itemid": "minecraft:prismarine_shard",
  "displayname": "§fAttribute Shard",
  "nbttag": "{HideFlags:254,display:{Lore:[0:\"§bExperience IV\",1:\"§7Gain §a+40% §7more experience orbs\",2:\"§7from killing mobs.\",3:\"\",4:\"§7Combine with items in the §bAttribute\",5:\"§bFusion §7menu to apply attributes.\",6:\"\",7:\"§f§lCOMMON\"],Name:\"§fAttribute Shard\"},ExtraAttributes:{attributes:{experience:4},id:\"ATTRIBUTE_SHARD_EXPERIENCE;4\"}}",
  "damage": 0,
  "lore": [
    "§bExperience IV",
    "§7Gain §a+40% §7more experience orbs",
    "§7from killing mobs.",
    "",
    "§7Combine with items in the §bAttribute",
    "§bFusion §7menu to apply attributes.",
    "",
    "§f§lCOMMON"
  ],
  "internalname": "ATTRIBUTE_SHARD_EXPERIENCE;4",
  "crafttext": "",
  "clickcommand": "",
  "modver": "2.5.0",
  "infoType": ""
}