{
  "itemid": "minecraft:prismarine_shard",
  "displayname": "§fAttribute Shard",
  "nbttag": "{HideFlags:254,display:{Lore:[0:\"§bMana Pool V\",1:\"§7Grants §b+100✎ Intelligence§7.\",2:\"\",3:\"§7Combine with items in the §bAttribute\",4:\"§bFusion §7menu to apply attributes.\",5:\"\",6:\"§f§lCOMMON\"],Name:\"§fAttribute Shard\"},ExtraAttributes:{attributes:{mana_pool:5},id:\"ATTRIBUTE_SHARD_MANA_POOL;5\"}}",
  "damage": 0,
  "lore": [
    "§bMana Pool V",
    "§7Grants §b+100✎ Intelligence§7.",
    "",
    "§7Combine with items in the §bAttribute",
    "§bFusion §7menu to apply attributes.",
    "",
    "§f§lCOMMON"
  ],
  "internalname": "ATTRIBUTE_SHARD_MANA_POOL;5",
  "crafttext": "",
  "clickcommand": "",
  "modver": "2.5.0",
  "infoType": ""
}