{
  "itemid": "minecraft:prismarine_shard",
  "displayname": "§fAttribute Shard",
  "nbttag": "{HideFlags:254,display:{Lore:[0:\"§bElite II\",1:\"§7Grants §c+6% §c❁ Damage §7against\",2:\"§7§abosses §7and §amini-bosses§7.\",3:\"\",4:\"§7Combine with items in the §bAttribute\",5:\"§bFusion §7menu to apply attributes.\",6:\"\",7:\"§f§lCOMMON\"],Name:\"§fAttribute Shard\"},ExtraAttributes:{attributes:{elite:2},id:\"ATTRIBUTE_SHARD_ELITE;2\"}}",
  "damage": 0,
  "lore": [
    "§bElite II",
    "§7Grants §c+6% §c❁ Damage §7against",
    "§7§abosses §7and §amini-bosses§7.",
    "",
    "§7Combine with items in the §bAttribute",
    "§bFusion §7menu to apply attributes.",
    "",
    "§f§lCOMMON"
  ],
  "internalname": "ATTRIBUTE_SHARD_ELITE;2",
  "crafttext": "",
  "clickcommand": "",
  "modver": "2.5.0",
  "infoType": ""
}