{
  "itemid": "minecraft:prismarine_shard",
  "displayname": "§fAttribute Shard",
  "nbttag": "{HideFlags:254,display:{Lore:[0:\"§bDeadeye I\",1:\"§7Increases damage from ranged\",2:\"§7weapons by §a2.5%§7.\",3:\"\",4:\"§7Combine with items in the §bAttribute\",5:\"§bFusion §7menu to apply attributes.\",6:\"\",7:\"§f§lCOMMON\"],Name:\"§fAttribute Shard\"},ExtraAttributes:{attributes:{deadeye:1},id:\"ATTRIBUTE_SHARD_DEADEYE;1\"}}",
  "damage": 0,
  "lore": [
    "§bDeadeye I",
    "§7Increases damage from ranged",
    "§7weapons by §a2.5%§7.",
    "",
    "§7Combine with items in the §bAttribute",
    "§bFusion §7menu to apply attributes.",
    "",
    "§f§lCOMMON"
  ],
  "internalname": "ATTRIBUTE_SHARD_DEADEYE;1",
  "crafttext": "",
  "clickcommand": "",
  "modver": "2.5.0",
  "infoType": ""
}