{
  "itemid": "minecraft:prismarine_shard",
  "displayname": "§fAttribute Shard",
  "nbttag": "{HideFlags:254,display:{Lore:[0:\"§bVitality V\",1:\"§7Grants §4+15♨ Vitality§7.\",2:\"\",3:\"§7Combine with items in the §bAttribute\",4:\"§bFusion §7menu to apply attributes.\",5:\"\",6:\"§f§lCOMMON\"],Name:\"§fAttribute Shard\"},ExtraAttributes:{attributes:{mending:5},id:\"ATTRIBUTE_SHARD_MENDING;5\"}}",
  "damage": 0,
  "lore": [
    "§bVitality V",
    "§7Grants §4+15♨ Vitality§7.",
    "",
    "§7Combine with items in the §bAttribute",
    "§bFusion §7menu to apply attributes.",
    "",
    "§f§lCOMMON"
  ],
  "internalname": "ATTRIBUTE_SHARD_MENDING;5",
  "crafttext": "",
  "clickcommand": "",
  "modver": "2.5.0",
  "infoType": ""
}