{
  "itemid": "minecraft:prismarine_shard",
  "displayname": "§fAttribute Shard",
  "nbttag": "{HideFlags:254,display:{Lore:[0:\"§bBlazing Fortune III\",1:\"§7Grants §b+3✯ Magic Find §7on Lava Sea\",2:\"§7Creatures.\",3:\"\",4:\"§7Combine with items in the §bAttribute\",5:\"§bFusion §7menu to apply attributes.\",6:\"\",7:\"§f§lCOMMON\"],Name:\"§fAttribute Shard\"},ExtraAttributes:{attributes:{blazing_fortune:3},id:\"ATTRIBUTE_SHARD_BLAZING_FORTUNE;3\"}}",
  "damage": 0,
  "lore": [
    "§bBlazing Fortune III",
    "§7Grants §b+3✯ Magic Find §7on Lava Sea",
    "§7Creatures.",
    "",
    "§7Combine with items in the §bAttribute",
    "§bFusion §7menu to apply attributes.",
    "",
    "§f§lCOMMON"
  ],
  "internalname": "ATTRIBUTE_SHARD_BLAZING_FORTUNE;3",
  "crafttext": "",
  "clickcommand": "",
  "modver": "2.5.0",
  "infoType": ""
}