{
  "itemid": "minecraft:prismarine_shard",
  "displayname": "§fAttribute Shard",
  "nbttag": "{HideFlags:254,display:{Lore:[0:\"§bArachno Resistance IV\",1:\"§7Grants §a+6❈ Defense §7against §aspiders§7.\",2:\"\",3:\"§7Combine with items in the §bAttribute\",4:\"§bFusion §7menu to apply attributes.\",5:\"\",6:\"§f§lCOMMON\"],Name:\"§fAttribute Shard\"},ExtraAttributes:{attributes:{arachno_resistance:4},id:\"ATTRIBUTE_SHARD_ARACHNO_RESISTANCE;4\"}}",
  "damage": 0,
  "lore": [
    "§bArachno Resistance IV",
    "§7Grants §a+6❈ Defense §7against §aspiders§7.",
    "",
    "§7Combine with items in the §bAttribute",
    "§bFusion §7menu to apply attributes.",
    "",
    "§f§lCOMMON"
  ],
  "internalname": "ATTRIBUTE_SHARD_ARACHNO_RESISTANCE;4",
  "crafttext": "",
  "clickcommand": "",
  "modver": "2.5.0",
  "infoType": ""
}