{
  "itemid": "minecraft:prismarine_shard",
  "displayname": "§fAttribute Shard",
  "nbttag": "{HideFlags:254,display:{Lore:[0:\"§bDominance IV\",1:\"§7Gain §c+6% §7damage when at full health.\",2:\"\",3:\"§7Combine with items in the §bAttribute\",4:\"§bFusion §7menu to apply attributes.\",5:\"\",6:\"§8§l* §8Co-op Soulbound §8§l*\",7:\"§f§lCOMMON\"],Name:\"§fAttribute Shard\"},ExtraAttributes:{attributes:{dominance:4},id:\"ATTRIBUTE_SHARD_DOMINANCE;4\"}}",
  "damage": 0,
  "lore": [
    "§bDominance IV",
    "§7Gain §c+6% §7damage when at full health.",
    "",
    "§7Combine with items in the §bAttribute",
    "§bFusion §7menu to apply attributes.",
    "",
    "§8§l* §8Co-op Soulbound §8§l*",
    "§f§lCOMMON"
  ],
  "internalname": "ATTRIBUTE_SHARD_DOMINANCE;4",
  "crafttext": "",
  "clickcommand": "",
  "modver": "2.5.0",
  "infoType": ""
}