{
  "itemid": "minecraft:prismarine_shard",
  "displayname": "§fAttribute Shard",
  "nbttag": "{HideFlags:254,display:{Lore:[0:\"§bBlazing III\",1:\"§7Grants §c+9% §c❁ Damage §7against mobs\",2:\"§7in §aCrimson Isle§7.\",3:\"\",4:\"§7Combine with items in the §bAttribute\",5:\"§bFusion §7menu to apply attributes.\",6:\"\",7:\"§f§lCOMMON\"],Name:\"§fAttribute Shard\"},ExtraAttributes:{attributes:{blazing:3},id:\"ATTRIBUTE_SHARD_BLAZING;3\"}}",
  "damage": 0,
  "lore": [
    "§bBlazing III",
    "§7Grants §c+9% §c❁ Damage §7against mobs",
    "§7in §aCrimson Isle§7.",
    "",
    "§7Combine with items in the §bAttribute",
    "§bFusion §7menu to apply attributes.",
    "",
    "§f§lCOMMON"
  ],
  "internalname": "ATTRIBUTE_SHARD_BLAZING;3",
  "crafttext": "",
  "clickcommand": "",
  "modver": "2.5.0",
  "infoType": ""
}