{
  "itemid": "minecraft:prismarine_shard",
  "displayname": "§fAttribute Shard",
  "nbttag": "{HideFlags:254,display:{Lore:[0:\"§bDominance VII\",1:\"§7Gain §c+10.5% §7damage when at full\",2:\"§7health.\",3:\"\",4:\"§7Combine with items in the §bAttribute\",5:\"§bFusion §7menu to apply attributes.\",6:\"\",7:\"§f§lCOMMON\"],Name:\"§fAttribute Shard\"},ExtraAttributes:{attributes:{dominance:7},id:\"ATTRIBUTE_SHARD_DOMINANCE;7\"}}",
  "damage": 0,
  "lore": [
    "§bDominance VII",
    "§7Gain §c+10.5% §7damage when at full",
    "§7health.",
    "",
    "§7Combine with items in the §bAttribute",
    "§bFusion §7menu to apply attributes.",
    "",
    "§f§lCOMMON"
  ],
  "internalname": "ATTRIBUTE_SHARD_DOMINANCE;7",
  "crafttext": "",
  "clickcommand": "",
  "modver": "2.5.0",
  "infoType": ""
}