{
  "itemid": "minecraft:prismarine_shard",
  "displayname": "§fAttribute Shard",
  "nbttag": "{HideFlags:254,display:{Lore:[0:\"§bCombo II\",1:\"§7Deal §a+0.4% §7more damage per Grandma\",2:\"§7Wolf pet combo.\",3:\"\",4:\"§7Combine with items in the §bAttribute\",5:\"§bFusion §7menu to apply attributes.\",6:\"\",7:\"§f§lCOMMON\"],Name:\"§fAttribute Shard\"},ExtraAttributes:{attributes:{combo:2},id:\"ATTRIBUTE_SHARD_COMBO;2\"}}",
  "damage": 0,
  "lore": [
    "§bCombo II",
    "§7Deal §a+0.4% §7more damage per Grandma",
    "§7Wolf pet combo.",
    "",
    "§7Combine with items in the §bAttribute",
    "§bFusion §7menu to apply attributes.",
    "",
    "§f§lCOMMON"
  ],
  "internalname": "ATTRIBUTE_SHARD_COMBO;2",
  "crafttext": "",
  "clickcommand": "",
  "modver": "2.5.0",
  "infoType": ""
}