{
  "itemid": "minecraft:prismarine_shard",
  "displayname": "§fAttribute Shard",
  "nbttag": "{HideFlags:254,display:{Lore:[0:\"§bFishing Speed VIII\",1:\"§7Grants §b+24☂ Fishing Speed§7.\",2:\"\",3:\"§7Combine with items in the §bAttribute\",4:\"§bFusion §7menu to apply attributes.\",5:\"\",6:\"§f§lCOMMON\"],Name:\"§fAttribute Shard\"},ExtraAttributes:{attributes:{fishing_speed:8},id:\"ATTRIBUTE_SHARD_FISHING_SPEED;8\"}}",
  "damage": 0,
  "lore": [
    "§bFishing Speed VIII",
    "§7Grants §b+24☂ Fishing Speed§7.",
    "",
    "§7Combine with items in the §bAttribute",
    "§bFusion §7menu to apply attributes.",
    "",
    "§f§lCOMMON"
  ],
  "internalname": "ATTRIBUTE_SHARD_FISHING_SPEED;8",
  "crafttext": "",
  "clickcommand": "",
  "modver": "2.5.0",
  "infoType": ""
}