{
  "itemid": "minecraft:prismarine_shard",
  "displayname": "§fAttribute Shard",
  "nbttag": "{HideFlags:254,display:{Lore:[0:\"§bFisherman I\",1:\"§7Has a §a5% §7chance not to consume any\",2:\"§7bait.\",3:\"\",4:\"§7Combine with items in the §bAttribute\",5:\"§bFusion §7menu to apply attributes.\",6:\"\",7:\"§f§lCOMMON\"],Name:\"§fAttribute Shard\"},ExtraAttributes:{attributes:{fisherman:1},id:\"ATTRIBUTE_SHARD_FISHERMAN;1\"}}",
  "damage": 0,
  "lore": [
    "§bFisherman I",
    "§7Has a §a5% §7chance not to consume any",
    "§7bait.",
    "",
    "§7Combine with items in the §bAttribute",
    "§bFusion §7menu to apply attributes.",
    "",
    "§f§lCOMMON"
  ],
  "internalname": "ATTRIBUTE_SHARD_FISHERMAN;1",
  "crafttext": "",
  "clickcommand": "",
  "modver": "2.5.0",
  "infoType": ""
}