{
  "itemid": "minecraft:prismarine_shard",
  "displayname": "§fAttribute Shard",
  "nbttag": "{HideFlags:254,display:{Lore:[0:\"§bTrophy Hunter VI\",1:\"§7Grants §6+12♔ Trophy Fish Chance§7.\",2:\"\",3:\"§7Combine with items in the §bAttribute\",4:\"§bFusion §7menu to apply attributes.\",5:\"\",6:\"§f§lCOMMON\"],Name:\"§fAttribute Shard\"},ExtraAttributes:{attributes:{trophy_hunter:6},id:\"ATTRIBUTE_SHARD_TROPHY_HUNTER;6\"}}",
  "damage": 0,
  "lore": [
    "§bTrophy Hunter VI",
    "§7Grants §6+12♔ Trophy Fish Chance§7.",
    "",
    "§7Combine with items in the §bAttribute",
    "§bFusion §7menu to apply attributes.",
    "",
    "§f§lCOMMON"
  ],
  "internalname": "ATTRIBUTE_SHARD_TROPHY_HUNTER;6",
  "crafttext": "",
  "clickcommand": "",
  "modver": "2.5.0",
  "infoType": ""
}