{
  "itemid": "minecraft:prismarine_shard",
  "displayname": "§fAttribute Shard",
  "nbttag": "{HideFlags:254,display:{Lore:[0:\"§bCombo VIII\",1:\"§7Deal §a+1.6% §7more damage per Grandma\",2:\"§7Wolf pet combo.\",3:\"\",4:\"§7Combine with items in the §bAttribute\",5:\"§bFusion §7menu to apply attributes.\",6:\"\",7:\"§f§lCOMMON\"],Name:\"§fAttribute Shard\"},ExtraAttributes:{attributes:{combo:8},id:\"ATTRIBUTE_SHARD_COMBO;8\"}}",
  "damage": 0,
  "lore": [
    "§bCombo VIII",
    "§7Deal §a+1.6% §7more damage per Grandma",
    "§7Wolf pet combo.",
    "",
    "§7Combine with items in the §bAttribute",
    "§bFusion §7menu to apply attributes.",
    "",
    "§f§lCOMMON"
  ],
  "internalname": "ATTRIBUTE_SHARD_COMBO;8",
  "crafttext": "",
  "clickcommand": "",
  "modver": "2.5.0",
  "infoType": ""
}