{
  "animated": {
    "DYE_ROSE": [
      "#F06766",
      "#f06766",
      "#f06766",
      "#ee6364",
      "#ee6364",
      "#eb5e61",
      "#e8595e",
      "#e45359",
      "#e04d55",
      "#db4650",
      "#d3404c",
      "#cb3947",
      "#c43043",
      "#bd2b40",
      "#b8293e",
      "#b3263d",
      "#ae243b",
      "#ae243b",
      "#a32038",
      "#9c1e36",
      "#961c34",
      "#901a32",
      "#881731",
      "#81162e",
      "#881830",
      "#81162e",
      "#7b142d",
      "#74122b",
      "#6d1029",
      "#650e27",
      "#5e0d24",
      "#560b22",
      "#500a20",
      "#49081f",
      "#44061d",
      "#3e061b",
      "#39041a",
      "#39041a",
      "#39041a",
      "#39041a",
      "#39041a",
      "#39041a",
      "#39041a",
      "#39041a",
      "#39041a",
      "#39041a",
      "#3e061b",
      "#44061d",
      "#49081f",
      "#500a20",
      "#560b22",
      "#5e0d24",
      "#650e27",
      "#6d1029",
      "#74122b",
      "#7b142d",
      "#81162e",
      "#881830",
      "#81162e",
      "#881731",
      "#901a32",
      "#961c34",
      "#9c1e36",
      "#a32038",
      "#ae243b",
      "#ae243b",
      "#b3263d",
      "#b8293e",
      "#bd2b40",
      "#c43043",
      "#cb3947",
      "#d3404c",
      "#db4650",
      "#e04d55",
      "#e45359",
      "#e8595e",
      "#eb5e61",
      "#ee6364",
      "#ee6364",
      "#f06766",
      "#f06766",
      "#F06766"
    ],
    "DYE_LUCKY": [
      "#87ff37",
      "#81F83C",
      "#7DF43F",
      "#79EF42",
      "#73E944",
      "#6FE547",
      "#69DF49",
      "#64D84B",
      "#5DD24D",
      "#57CC4E",
      "#52C551",
      "#4ABE52",
      "#44B752",
      "#3DB153",
      "#36AB53",
      "#30A553",
      "#299F54",
      "#239954",
      "#1D9553",
      "#179153",
      "#0F8C52",
      "#098852",
      "#008350",
      "#007D4F",
      "#00774D",
      "#00734B",
      "#006F49",
      "#006C47",
      "#006944",
      "#006944",
      "#006C47",
      "#006F49",
      "#00734B",
      "#00774D",
      "#007D4F",
      "#008350",
      "#098852",
      "#0F8C52",
      "#179153",
      "#1D9553",
      "#239954",
      "#299F54",
      "#30A553",
      "#36AB53",
      "#3DB153",
      "#44B752",
      "#4ABE52",
      "#52C551",
      "#57CC4E",
      "#5DD24D",
      "#64D84B",
      "#69DF49",
      "#6FE547",
      "#73E944",
      "#79EF42",
      "#7DF43F",
      "#81F83C",
      "#87ff37"
    ],
    "DYE_WARDEN": [
      "#034150",
      "#034150",
      "#034150",
      "#034150",
      "#034150",
      "#024554",
      "#004a59",
      "#004f5e",
      "#005463",
      "#005a68",
      "#005f6d",
      "#006472",
      "#006a76",
      "#006a76",
      "#00757f",
      "#007a84",
      "#008088",
      "#00868c",
      "#008b90",
      "#009194",
      "#009194",
      "#009295",
      "#009295",
      "#009295",
      "#009295",
      "#009295",
      "#009295",
      "#009194",
      "#009194",
      "#008b90",
      "#00868c",
      "#008088",
      "#007a84",
      "#00757f",
      "#006a76",
      "#006a76",
      "#006472",
      "#005f6d",
      "#005a68",
      "#005463",
      "#004f5e",
      "#004a59",
      "#024554",
      "#034150",
      "#034150",
      "#034150",
      "#034150",
      "#034150"
    ],
    "DYE_PORTAL": [
      "#5909c1",
      "#5909c1",
      "#5909c1",
      "#560aba",
      "#560aba",
      "#520cb1",
      "#4d0da7",
      "#490f9c",
      "#440f92",
      "#3f0f8a",
      "#3c1081",
      "#38107b",
      "#361076",
      "#361076",
      "#361076",
      "#361076",
      "#361076",
      "#361076",
      "#361076",
      "#371078",
      "#390f7c",
      "#3a1080",
      "#3c0f85",
      "#3e0e8c",
      "#400d92",
      "#430b9a",
      "#450aa1",
      "#4909a8",
      "#4c08af",
      "#5107b5",
      "#5608bc",
      "#5c0ac1",
      "#620dc5",
      "#680fc9",
      "#6f12ce",
      "#7814d1",
      "#8117d5",
      "#8a18d9",
      "#9419dc",
      "#9e1adf",
      "#a71ae3",
      "#b01ae5",
      "#b919e7",
      "#c117ea",
      "#c816ec",
      "#cf14ef",
      "#cf14ef",
      "#d412f0",
      "#d412f0",
      "#d412f0",
      "#d412f0",
      "#d412f0",
      "#d412f0",
      "#cf14ef",
      "#cf14ef",
      "#c816ec",
      "#c117ea",
      "#b919e7",
      "#b01ae5",
      "#a71ae3",
      "#9e1adf",
      "#9419dc",
      "#8a18d9",
      "#8117d5",
      "#7814d1",
      "#6f12ce",
      "#680fc9",
      "#620dc5",
      "#5c0ac1",
      "#5608bc",
      "#5107b5",
      "#4c08af",
      "#4909a8",
      "#450aa1",
      "#430b9a",
      "#400d92",
      "#3e0e8c",
      "#3c0f85",
      "#3a1080",
      "#390f7c",
      "#371078",
      "#361076",
      "#361076",
      "#361076",
      "#361076",
      "#361076",
      "#361076",
      "#361076",
      "#38107b",
      "#3c1081",
      "#3f0f8a",
      "#440f92",
      "#490f9c",
      "#4d0da7",
      "#520cb1",
      "#560aba",
      "#560aba",
      "#5909c1",
      "#5909c1",
      "#5909c1"
    ],
    "DYE_PASTEL_SKY": [
      "#fb87ff",
      "#f78ffe",
      "#f299fc",
      "#eaa4f8",
      "#e1b0f5",
      "#d7bdf2",
      "#cac9ee",
      "#bed3eb",
      "#b0dde8",
      "#a1e6e5",
      "#94ede3",
      "#89f2e2",
      "#89f3e2",
      "#89f2e3",
      "#87f3e7",
      "#84f2ec",
      "#80f2f0",
      "#7ff1f6",
      "#86f0fd",
      "#87ecff",
      "#87e8ff",
      "#87e2ff",
      "#87ddff",
      "#85d6ff",
      "#84ceff",
      "#84c7ff",
      "#83bfff",
      "#82b7ff",
      "#82afff",
      "#83a8ff",
      "#83a0ff",
      "#8599ff",
      "#8693ff",
      "#888eff",
      "#8b89ff",
      "#9086fe",
      "#9783ff",
      "#9f81fe",
      "#a980ff",
      "#b681ff",
      "#c182ff",
      "#cd83ff",
      "#d884ff",
      "#e486ff",
      "#ed87ff",
      "#ed87ff",
      "#e486ff",
      "#d884ff",
      "#cd83ff",
      "#c182ff",
      "#b681ff",
      "#a980ff",
      "#9f81fe",
      "#9783ff",
      "#9086fe",
      "#8b89ff",
      "#888eff",
      "#8693ff",
      "#8599ff",
      "#83a0ff",
      "#83a8ff",
      "#82afff",
      "#82b7ff",
      "#83bfff",
      "#84c7ff",
      "#84ceff",
      "#85d6ff",
      "#87ddff",
      "#87e2ff",
      "#87e8ff",
      "#87ecff",
      "#86f0fd",
      "#7ff1f6",
      "#80f2f0",
      "#84f2ec",
      "#87f3e7",
      "#89f2e3",
      "#89f3e2",
      "#89f2e2",
      "#94ede3",
      "#a1e6e5",
      "#b0dde8",
      "#bed3eb",
      "#cac9ee",
      "#d7bdf2",
      "#e1b0f5",
      "#eaa4f8",
      "#f299fc",
      "#f78ffe",
      "#fb87ff"
    ],
    "DYE_LAVA": [
      "#ca3b00",
      "#cd4300",
      "#d14d01",
      "#d55901",
      "#db6601",
      "#e07302",
      "#e68003",
      "#ea8d04",
      "#ef9a04",
      "#f3a605",
      "#f7b106",
      "#fabb06",
      "#fdc306",
      "#ffc807",
      "#ffc607",
      "#ffc102",
      "#ffba01",
      "#ffb400",
      "#ffac00",
      "#ffa200",
      "#ff9700",
      "#ff8900",
      "#fb7d01",
      "#f56f02",
      "#ec6604",
      "#e35f05",
      "#da5707",
      "#cf4e08",
      "#c44709",
      "#b93e0a",
      "#ae3509",
      "#a32d09",
      "#992409",
      "#901c09",
      "#881408",
      "#810c07",
      "#770407",
      "#6d0006",
      "#640005",
      "#5d0004",
      "#580002",
      "#560202",
      "#5a0401",
      "#5f0602",
      "#640901",
      "#6b0d02",
      "#721102",
      "#7a1502",
      "#831a02",
      "#8c1e02",
      "#962301",
      "#9f2702",
      "#a82c02",
      "#b02f01",
      "#b93300",
      "#bf3601",
      "#c63900",
      "#c63900",
      "#bf3601",
      "#b93300",
      "#b02f01",
      "#a82c02",
      "#9f2702",
      "#962301",
      "#8c1e02",
      "#831a02",
      "#7a1502",
      "#721102",
      "#6b0d02",
      "#640901",
      "#5f0602",
      "#5a0401",
      "#560202",
      "#580002",
      "#5d0004",
      "#640005",
      "#6d0006",
      "#770407",
      "#810c07",
      "#881408",
      "#901c09",
      "#992409",
      "#a32d09",
      "#ae3509",
      "#b93e0a",
      "#c44709",
      "#cf4e08",
      "#da5707",
      "#e35f05",
      "#ec6604",
      "#f56f02",
      "#fb7d01",
      "#ff8900",
      "#ff9700",
      "#ffa200",
      "#ffac00",
      "#ffb400",
      "#ffba01",
      "#ffc102",
      "#ffc607",
      "#ffc807",
      "#fdc306",
      "#fabb06",
      "#f7b106",
      "#f3a605",
      "#ef9a04",
      "#ea8d04",
      "#e68003",
      "#e07302",
      "#db6601",
      "#d55901",
      "#d14d01",
      "#cd4300",
      "#ca3b00"
    ],
    "FAIRY_HELMET": [
      "#FF33FF",
      "#FF00FF",
      "#CC00CC",
      "#990099",
      "#660066",
      "#660033",
      "#99004C",
      "#CC0066",
      "#FF007F",
      "#FF3399",
      "#FF66B2",
      "#FF99CC",
      "#FFCCE5",
      "#FF99CC",
      "#FF66B2",
      "#FF3399",
      "#FF007F",
      "#CC0066",
      "#99004C",
      "#660033",
      "#660066",
      "#990099",
      "#CC00CC",
      "#FF00FF",
      "#FF33FF",
      "#FF66FF",
      "#FF99FF",
      "#FFCCFF",
      "#E5CCFF",
      "#CC99FF",
      "#B266FF",
      "#9933FF",
      "#7F00FF",
      "#6600CC",
      "#4C0099",
      "#330066",
      "#4C0099",
      "#6600CC",
      "#7F00FF",
      "#9933FF",
      "#B266FF",
      "#CC99FF",
      "#E5CCFF",
      "#FFCCFF",
      "#FF99FF",
      "#FF66FF"
    ],
    "FAIRY_CHESTPLATE": [
      "#FF66FF",
      "#FF33FF",
      "#FF00FF",
      "#CC00CC",
      "#990099",
      "#660066",
      "#660033",
      "#99004C",
      "#CC0066",
      "#FF007F",
      "#FF3399",
      "#FF66B2",
      "#FF99CC",
      "#FFCCE5",
      "#FF99CC",
      "#FF66B2",
      "#FF3399",
      "#FF007F",
      "#CC0066",
      "#99004C",
      "#660033",
      "#660066",
      "#990099",
      "#CC00CC",
      "#FF00FF",
      "#FF33FF",
      "#FF66FF",
      "#FF99FF",
      "#FFCCFF",
      "#E5CCFF",
      "#CC99FF",
      "#B266FF",
      "#9933FF",
      "#7F00FF",
      "#6600CC",
      "#4C0099",
      "#330066",
      "#4C0099",
      "#6600CC",
      "#7F00FF",
      "#9933FF",
      "#B266FF",
      "#CC99FF",
      "#E5CCFF",
      "#FFCCFF",
      "#FF99FF"
    ],
    "FAIRY_LEGGINGS": [
      "#FF99FF",
      "#FF66FF",
      "#FF33FF",
      "#FF00FF",
      "#CC00CC",
      "#990099",
      "#660066",
      "#660033",
      "#99004C",
      "#CC0066",
      "#FF007F",
      "#FF3399",
      "#FF66B2",
      "#FF99CC",
      "#FFCCE5",
      "#FF99CC",
      "#FF66B2",
      "#FF3399",
      "#FF007F",
      "#CC0066",
      "#99004C",
      "#660033",
      "#660066",
      "#990099",
      "#CC00CC",
      "#FF00FF",
      "#FF33FF",
      "#FF66FF",
      "#FF99FF",
      "#FFCCFF",
      "#E5CCFF",
      "#CC99FF",
      "#B266FF",
      "#9933FF",
      "#7F00FF",
      "#6600CC",
      "#4C0099",
      "#330066",
      "#4C0099",
      "#6600CC",
      "#7F00FF",
      "#9933FF",
      "#B266FF",
      "#CC99FF",
      "#E5CCFF",
      "#FFCCFF"
    ],
    "FAIRY_BOOTS": [
      "#FFCCFF",
      "#FF99FF",
      "#FF66FF",
      "#FF33FF",
      "#FF00FF",
      "#CC00CC",
      "#990099",
      "#660066",
      "#660033",
      "#99004C",
      "#CC0066",
      "#FF007F",
      "#FF3399",
      "#FF66B2",
      "#FF99CC",
      "#FFCCE5",
      "#FF99CC",
      "#FF66B2",
      "#FF3399",
      "#FF007F",
      "#CC0066",
      "#99004C",
      "#660033",
      "#660066",
      "#990099",
      "#CC00CC",
      "#FF00FF",
      "#FF33FF",
      "#FF66FF",
      "#FF99FF",
      "#FFCCFF",
      "#E5CCFF",
      "#CC99FF",
      "#B266FF",
      "#9933FF",
      "#7F00FF",
      "#6600CC",
      "#4C0099",
      "#330066",
      "#4C0099",
      "#6600CC",
      "#7F00FF",
      "#9933FF",
      "#B266FF",
      "#CC99FF",
      "#E5CCFF"
    ]
  },
  "static": {
    "DYE_CARMINE": "#960018",
    "DYE_NECRON": "#E7413C",
    "DYE_BRICK_RED": "#CB4154",
    "DYE_CHOCOLATE": "#7B3F00",
    "DYE_FLAME": "#E25822",
    "DYE_MANGO": "#FDBE02",
    "DYE_PURE_YELLOW": "#FFF700",
    "DYE_NYANZA": "#E9FFDB",
    "DYE_CELADON": "#ACE1AF",
    "DYE_EMERALD": "#50C878",
    "DYE_HOLLY": "#3C6746",
    "DYE_AQUAMARINE": "#7FFFD4",
    "DYE_CELESTE": "#B2FFFF",
    "DYE_ICEBERG": "#71A6D2",
    "DYE_LIVID": "#CEB7AA",
    "TENTACLE_DYE": "#324D6C",
    "DYE_BINGO_BLUE": "#002FA7",
    "DYE_PURE_BLUE": "#0013FF",
    "DYE_DARK_PURPLE": "#301934",
    "DYE_MIDNIGHT": "#50216C",
    "DYE_BYZANTIUM": "#702963",
    "DYE_WILD_STRAWBERRY": "#FF43A4",
    "DYE_CYCLAMEN": "#F56FA1",
    "DYE_NADESHIKO": "#F6ADC6",
    "DYE_BONE": "#E3DAC9",
    "DYE_PURE_WHITE": "#FFFFFF",
    "DYE_PURE_BLACK": "#000000",
    "DYE_ARCHFIEND": "#B80036",
    "DYE_COPPER": "#B87333",
    "DYE_DUNG": "#4F2A2A",
    "DYE_FOSSIL": "#866F12",
    "DYE_FROSTBITTEN": "#09D8EB",
    "DYE_JADE": "#00A86B",
    "DYE_MATCHA": "#74A12E",
    "DYE_MOCHA": "#967969",
    "DYE_PEARLESCENT": "#115555",
    "DYE_PELT": "#50414C",
    "DYE_PERIWINKLE": "#CCCCFF",
    "DYE_SANGRIA": "#D40808",
    "DYE_SECRET": "#7D7D7D"
  },
  "vanilla": {
    "INK_SACK": "#191919",
    "INK_SACK-1": "#993333",
    "INK_SACK-2": "#667F33",
    "INK_SACK-3": "#664C33",
    "INK_SACK-4": "#334CB2",
    "INK_SACK-5": "#7F3FB2",
    "INK_SACK-6": "#4C7F99",
    "INK_SACK-7": "#999999",
    "INK_SACK-8": "#4C4C4C",
    "INK_SACK-9": "#F27FA5",
    "INK_SACK-10": "#7FCC19",
    "INK_SACK-11": "#E5E533",
    "INK_SACK-12": "#6699D8",
    "INK_SACK-13": "#B24CD8",
    "INK_SACK-14": "#D87F33",
    "INK_SACK-15": "#FFFFFF"
  }
}
